<mxStylesheet>
	<include name="/com/mxgraph/swing/examples/resources/basic-style.xml"/>
	<add as="defaultVertex" extend="defaultVertex">
		<add as="strokeColor" value="#000000"/>
		<add as="fillColor" value="#E8EEF7"/>
		<add as="fontSize" value="18"/>
	</add>
	<add as="defaultEdge" extend="defaultEdge">
		<add as="labelBackgroundColor" value="white"/>
		<add as="rounded" value="1"/>
		<add as="edgeStyle" value="elbowEdgeStyle"/>
	</add>
	<add as="entity" extend="defaultEdge">
		<add as="edgeStyle" value="entityRelationEdgeStyle"/>
	</add>
	<add as="vertical" extend="defaultEdge">
		<add as="elbow" value="vertical"/>
	</add>
	<add as="straight" extend="defaultVertex">
		<add as="shape" value="connector"/>
		<add as="endArrow" value="classic"/>
	</add>
	<add as="arrow" extend="defaultVertex">
		<add as="shape" value="arrow"/>
	</add>
	<add as="swimlane" extend="defaultVertex">
		<add as="shape" value="swimlane"/>
		<add as="fontSize" value="12"/>
		<add as="fontStyle" value="1"/>
		<add as="startSize" value="23"/>
	</add>
	<add as="group" extend="defaultVertex">
		<add as="verticalAlign" value="top"/>
		<add as="dashed" value="1"/>
		<add as="opacity" value="50"/>
	</add>
	<add as="ellipse" extend="defaultVertex">
		<add as="shape" value="ellipse"/>
		<add as="perimeter" value="ellipsePerimeter"/>
	</add>
	<add as="rhombus" extend="defaultVertex">
		<add as="shape" value="rhombus"/>
		<add as="perimeter" value="rhombusPerimeter"/>
	</add>
	<add as="triangle" extend="defaultVertex">
		<add as="shape" value="triangle"/>
		<add as="perimeter" value="trianglePerimeter"/>
	</add>
	<add as="line" extend="defaultVertex">
		<add as="shape" value="line"/>
		<add as="strokeWidth" value="4"/>
		<add as="labelBackgroundColor" value="white"/>
		<add as="verticalAlign" value="top"/>
		<add as="spacingTop" value="8"/>
	</add>
	
	<add as="black" extend="defaultVertex">
		<add as="strokeColor" value="#000000"/>
		<add as="fillColor" value="#000000"/>
	</add>
	<add as="image" extend="defaultVertex">
		<add as="shape" value="image"/>
		<add as="labelBackgroundColor" value="white"/>
		<add as="verticalLabelPosition" value="bottom"/>
		<add as="verticalAlign" value="top"/>
	</add>
	<add as="roundImage" extend="image">
		<add as="perimeter" value="ellipsePerimeter"/>
	</add>
	<add as="rhombusImage" extend="image">
		<add as="perimeter" value="rhombusPerimeter"/>
	</add>
</mxStylesheet>
